
title>Austin (disambiguation)~[[Augustine (given name)]]~[[Austin, Western Australia]]~[[Austin, Manitoba]]~[[Austin, Ontario]]~[[Austin, Quebec]]~[[Austin Island]]~[[Austin, Arkansas]]~[[Austin, Colorado]]~[[Austin Township, Macon County, Illinois]]~[[Austin, Chicago]]~[[Austin, Indiana]]~[[Austin, Kentucky]]~[[Austin, Minnesota]]~[[Austin, Nevada]]~[[Austin, Oregon]]~[[Austin, Texas]]~[[Austin County, Texas]]~[[Austin, Washington]]~[[Austin (name)]]~[[Austin College]]~[[University of Texas at Austin]]~[[Austin Peay State University]]~[[Augustine of Hippo]]~[[Augustine of Canterbury]]~[[Augustinians]]~[[Austin Automobile Company]]~[[Austin (brand)]]~[[Austin Motor Company]]~[[American Austin Car Company]]~[[Austin (song)]]~[[Beanie Baby]]~[[The Backyardigans]]~[[USS Austin]]~[[Austin Station (disambiguation)]]~[[Austen (disambiguation)]]~[[Augustine (disambiguation)]]~[[Special:Prefixindex/Austin]]~
title>Aberdeen (disambiguation)~[[Aberdeen]]~[[Aberdeen, Sierra Leone]]~[[Aberdeen, Eastern Cape]]~[[Aberdeen, Hong Kong]]~[[Aberdeen Falls]]~[[Aberdeen, New South Wales]]~[[Aberdeen, Tasmania]]~[[Aberdeen (UK Parliament constituency)]]~[[Aberdeen Burghs (UK Parliament constituency)]]~[[Aberdeen Central (Scottish Parliament constituency)]]~[[Aberdeen Central (UK Parliament constituency)]]~[[Aberdeen, Kamloops]]~[[Aberdeen, Abbotsford]]~[[Aberdeen Parish, New Brunswick]]~[[Aberdeen, Nova Scotia]]~[[Aberdeen, Grey County, Ontario]]~[[Aberdeen, Saskatchewan]]~[[Aberdeen No. 373, Saskatchewan]]~[[Champlain, Ontario]]~[[Rapides-des-Joachims, Quebec]]~[[Aberdeen, Arkansas]]~[[List of places in Arkansas: A]]~[[Aberdeen, California]]~[[Aberdeen, Florida]]~[[Aberdeen, Georgia]]~[[List of places in Georgia (U.S. state): A-D]]~[[Aberdeen, Idaho]]~[[Aberdeen, Ohio County, Indiana]]~[[Aberdeen, Porter County, Indiana]]~[[Aberdeen, Kentucky]]~[[Aberdeen, Maryland]]~[[Aberdeen, Mississippi]]~[[Aberdeen, Montana]]~[[Interstate 90 in Montana]]~[[Aberdeen Township, New Jersey]]~[[Aberdeen, North Carolina]]~[[Aberdeen, Ohio]]~[[Aberdeen, Pennsylvania]]~[[List of places in Pennsylvania: A]]~[[Aberdeen, South Dakota]]~[[Aberdeen, Washington]]~[[Aberdeen, West Virginia]]~[[Marquess of Aberdeen and Temair]]~[[Aberdeen (band)]]~[[Aberdeen City (band)]]~[[Aberdeen (2000 film)]]~[[Aberdeen (2014 film)]]~[[Aberdeen Asset Management]]~[[Aberdeen Station (TransLink)]]~[[Aberdeen Group]]~[[List of NAS manufacturers]]~[[Aberdeen (song)]]~[[Aberdeen Line]]~[[SS Aberdeen (1881)]]~
title>Argument (disambiguation)~[[argument]]~[[Argument (complex analysis)]]~[[Parameter (computer programming)]]~[[Argument principle]]~[[meromorphic]]~[[argument of a function]]~[[independent variable]]~[[Argument (literature)]]~[[Argument (linguistics)]]~[[Oral argument]]~[[Closing argument]]~[[Musical argument]]~[[Argument (ship)]]~[[The Argument]]~[[The Argument Sketch]]~[[Controversy]]~
title>Animal (disambiguation)~[[animal]]~[[Animal (Muppet)]]~[[Brad Lesley]]~[[Animal (1977 film)]]~[[Animal (2001 film)]]~[[The Animal]]~[[Animals (film)]]~[[Animal (2005 film)]]~[[The Animals (film)]]~[[Animal (2014 film)]]~[[The Animals]]~[[A.N.I.M.A.L.]]~[[autoKratz]]~[[Animal (Animosity album)]]~[[Far East Movement]]~[[Animal (Kesha album)]]~[[Animal (Motor Ace album)]]~[[The Bar-Kays]]~[[Berlin (band)]]~[[Animal!]]~[[Animals (Pink Floyd album)]]~[[Animals (This Town Needs Guns album)]]~[[The Animals (American album)]]~[[The Animals (British album)]]~[[Animals (EP)]]~[[New Wave (Against Me! album)]]~[[Educated Guess]]~[[Cruel Melody]]~[[Animal (Conor Maynard song)]]~[[Animal (Def Leppard song)]]~[[Lights (Ellie Goulding album)]]~[[Animal (Fuck Like a Beast)]]~[[Animal (Jebediah song)]]~[[Animal (Juvenile song)]]~[[Where the Wild Things Are (soundtrack)]]~[[Animal (Kesha song)]]~[[Animal (Miike Snow song)]]~[[If (Mindless Self Indulgence album)]]~[[Mudmen]]~[[Animal (Neon Trees song)]]~[[Animal (Pearl Jam song)]]~[[Animal (R.E.M. song)]]~[[Sunhouse]]~[[To the Bone (The Kinks album)]]~[[The Adventures of Ghosthorse and Stillborn]]~[[Clocks (song)]]~[[Vices (Dead Poetic album)]]~[[Animals (Kevin Ayers song)]]~[[Animals (Maroon 5 song)]]~[[Animals (Martin Garrix song)]]~[[The 2nd Law]]~[[Animals (Nickelback song)]]~[[Fear of Music (album)]]~[[Elementary (The End album)]]~[[The Animal (Disturbed song)]]~[[Passion and Warfare]]~[[Animals (The Goodies)]]~[[List of Men Behaving Badly episodes#ep4]]~[[Off the Air (TV series)#ep1]]~[[List of The Vicar of Dibley episodes#ep6]]~[[Animal (video game)]]~[[The Animal (nickname)]]~[[George Steele]]~[[Road Warrior Animal]]~[[Animal Hamaguchi]]~[[Dave Batista]]~[[Timeline of computer viruses and worms#1974/1975]]~[[ANIMAL (image processing)]]~[[Animal (journal)]]~[[Animal (book)]]~[[Animal (clothing)]]~[[Animal (restaurant)]]~[[XT Brewing Company]]~[[Animals, Animals, Animals]]~[[Animalia (disambiguation)]]~
title>Asia Minor (disambiguation)~[[Anatolia]]~[[Asia Minor (song)]]~[[Asia Minor (album)]]~
title>Atlas (disambiguation)~[[atlas]]~[[Atlas (mythology)]]~[[Atlas of Mauretania]]~[[Poseidon]]~[[Atlas Consortium]]~[[Atlas Copco]]~[[Atlas Corporation]]~[[Atlas Economic Research Foundation]]~[[Atlas Elektronik]]~[[Atlas Group]]~[[Atlas Mara Co-Nvest Limited]]~[[Atlas Press (tool company)]]~[[Atlas Solutions]]~[[Atlas Telecom]]~[[Atlas Van Lines]]~[[Atlas-Imperial]]~[[Dresser Atlas]]~[[STN Atlas]]~[[Tele Atlas]]~[[Western Atlas]]~[[Atlas (computer)]]~[[Atlas (robot)]]~[[ATLAS Transformation Language]]~[[Atlas.ti]]~[[Texture atlas]]~[[Abbreviated Test Language for All Systems]]~[[Automatically Tuned Linear Algebra Software]]~[[UNIVAC 1101]]~[[ASP.NET AJAX]]~[[Lawrence Livermore National Laboratory]]~[[Atlas (band)]]~[[Atlas (Real Estate album)]]~[[Atlas (Kinky album)]]~[[Atlas (Parkway Drive album)]]~[[Atlas (RÜFÜS album)]]~[[Atlas (Battles song)]]~[[Atlas (Coldplay song)]]~[[Atlas (opera)]]~[[Atlas: An Opera in Three Parts]]~[[BioShock]]~[[The Atlas (video game)]]~[[Atlas Games]]~[[Atlas Terrain Engine]]~[[Medal of Honor: Warfighter]]~[[Atlas (DC Comics)]]~[[Atlas (Drawn and Quarterly)]]~[[Atlas (magazine)]]~[[The Atlas (novel)]]~[[Atlas Comics (1950s)]]~[[Atlas/Seaboard Comics]]~[[Atlas Press]]~[[Agents of Atlas]]~[[Gerhard Richter]]~[[book size]]~[[Atlas Shrugged]]~[[Erik Josten]]~[[Astro Boy (1980 TV series)#Atlas]]~[[BioShock (series)]]~[[Portal 2]]~[[PS238]]~[[Atlas (Teen Titans)]]~[[Mega Man ZX Advent]]~[[Club Atlas]]~[[Club Atlético Atlas]]~[[Tony Atlas]]~[[Charles Atlas]]~[[Atlas (film)]]~[[Atlas Media Corp.]]~[[RTV Atlas]]~[[Advanced Technology Leisure Application Simulator]]~[[BattleMech]]~[[Atlas, California]]~[[Atlas, Illinois]]~[[Atlas, West Virginia]]~[[Atlas, Wisconsin]]~[[Atlas District]]~[[Atlas Mountains]]~[[Atlas Township, Michigan]]~[[Atlas Peak AVA]]~[[Atlas (crater)]]~[[Atlas (moon)]]~[[Atlas (rocket family)]]~[[Atlas (star)]]~[[Advanced Technology Large-Aperture Space Telescope]]~[[Asteroid Terrestrial-impact Last Alert System]]~[[ATLAS experiment]]~[[Argonne Tandem Linear Accelerator System]]~[[Atomic-terrace low-angle shadowing]]~[[atlases of the flora and fauna of Britain and Ireland]]~[[Atlas bear]]~[[Atlas beetle]]~[[Atlas Cedar]]~[[Atlas Pied Flycatcher]]~[[Atlas moth]]~[[Atlas Turtle]]~[[Atlas Air]]~[[Atlas Aircraft]]~[[Atlas Aircraft Corporation]]~[[Atlas Aviation]]~[[Atlas Blue]]~[[Airbus A400M Atlas]]~[[Armstrong Whitworth Atlas]]~[[Birdman Atlas]]~[[La Mouette Atlas]]~[[Atlasjet]]~[[HMLAT-303]]~[[AeroVelo Atlas]]~[[Atlas Car and Manufacturing Company]]~[[Atlas Model Railroad]]~[[South Devon Railway Dido class]]~[[LMS Royal Scot Class]]~[[ST Atlas]]~[[Atlas Werke]]~[[Atlas (1951 automobile)]]~[[Atlas (light trucks)]]~[[Atlas (Pittsburgh automobile)]]~[[Atlas (Springfield automobile)]]~[[Atlas Motor Buggy]]~[[GM Atlas engine]]~[[Nissan Atlas]]~[[Honda Atlas Cars Pakistan]]~[[Standard Motor Company]]~[[REO Motor Car Company]]~[[Atlas DaBone]]~[[Charles Atlas]]~[[David Atlas]]~[[James Atlas]]~[[Meir Atlas]]~[[Natacha Atlas]]~[[Teddy Atlas]]~[[Tony Atlas]]~[[Atlas (anatomy)]]~[[Atlas (architecture)]]~[[ATLAS (simulation)]]~[[Atlas (topology)]]~[[ATLAS of Finite Groups]]~[[Atlas languages]]~[[Atlas Network]]~[[Atlas Uranium Mill]]~[[Atlas (storm)]]~[[Agrupación de Trabajadores Latinoamericanos Sindicalistas]]~
title>Atlantic (disambiguation)~[[Atlantic Ocean]]~[[Atlantic, Nova Scotia]]~[[Atlantic Canada]]~[[Atlantic, Iowa]]~[[Atlantic, Massachusetts]]~[[Atlantic, North Carolina]]~[[Atlantic, Pennsylvania]]~[[Atlantic, Seattle]]~[[Atlantic, Virginia]]~[[Atlantic County, New Jersey]]~[[Atlantic City, New Jersey]]~[[Atlantic 85 class lifeboat]]~[[Austin Atlantic]]~[[Atlantic (1921 automobile)]]~[[Fisker Atlantic]]~[[Atlantic (train)]]~[[Atlantic (locomotive)]]~[[4-4-2 (locomotive)]]~[[RMS Atlantic]]~[[Atlantic (yacht)]]~[[Atlantic Airways]]~[[Air Atlantic]]~[[Atlantic Entertainment Group]]~[[Atlantic (film)]]~[[Atlantic Records]]~[[Atlantic FM]]~[[The Atlantic]]~[[The Atlantics]]~[[Vheissu]]~[[Atlantic (song)]]~[[Vessel (DVD)]]~[[Atlantic (Theatre album)]]~[[Atlantic (Dufresne album)]]~[[Atlantic (company)]]~[[Atlantic (supermarkets)]]~[[Groupe Atlantic]]~[[Atlantic Books]]~[[Atlantic Broadband]]~[[Atlantic LNG]]~[[Atlantic Superstore]]~[[Atlantic (period)]]~[[Atlantic languages]]~[[The Atlantic (Atlanta)]]~[[Atlantic (Los Angeles Metro station)]]~[[Atlantic (Staten Island Railway station)]]~[[Atlantic University]]~[[Atlantik (disambiguation)]]~[[Atlantic Beach (disambiguation)]]~[[Atlantic Championship]]~[[Atlantic Philanthropies]]~[[Atlantic League of Professional Baseball]]~
title>Athene (disambiguation)~[[Athene]]~[[881 Athene]]~[[Athene (owl)]]~[[Athene Glacier]]~[[HMS Athene]]~[[USS Athene (AKA-22)]]~[[Bachir Boumaaza]]~[[Athene Seyler]]~[[Altena (disambiguation)]]~[[Atena (disambiguation)]]~[[Athen (disambiguation)]]~[[Athena (disambiguation)]]~[[Athens (disambiguation)]]~
title>ASIC (disambiguation)~[[ASIC]]~[[Accreditation Service for International Colleges]]~[[Acid-sensing ion channel]]~[[Air and Space Interoperability Council]]~[[Hyperdimension Neptunia Mk2]]~[[ASIC programming language]]~[[Association for Science and Information on Coffee]]~[[Andrea Illy]]~[[Australian Securities and Investments Commission]]~[[Aviation Security Identification Card]]~[[Application-specific integrated circuit]]~[[ASICS]]~
title>Lory (disambiguation)~[[lories and lorikeets]]~[[Lory (Alice's Adventures in Wonderland)]]~[[Lorry (disambiguation)]]~[[Lori (disambiguation)]]~[[Loris (disambiguation)]]~[[Loris]]~
title>Alexander of Greece (disambiguation)~[[Alexander of Greece]]~[[Alexander the Great]]~[[Alexander#Alexander_as_a_given_name]]~
title>Antwerp (disambiguation)~[[Antwerp]]~[[Antwerp (district)]]~[[Antwerp (province)]]~[[Antwerp, Ohio]]~[[Antwerp Township, Michigan]]~[[Antwerp (village), New York]]~[[Antwerp (town), New York]]~[[Antwerp, Victoria]]~[[Port of Antwerp]]~[[Antwerp (Quest For Glory)]]~[[Antwerp (pigeon)]]~[[Royal Antwerp FC]]~[[Antwerp (novel)]]~[[Ford Madox Ford]]~[[Category:Place name disambiguation pages]]~
title>Atmosphere (disambiguation)~[[atmosphere]]~[[Atmosphere (unit)]]~[[Atmosphere of Earth]]~[[Extraterrestrial atmospheres]]~[[Stellar atmosphere]]~[[Atmosphere (music group)]]~[[Atmosphere (Polish band)]]~[[Atmosphères]]~[[Atmosphere (Atmosphere album)]]~[[Atmosphere (Eloy Fritsch album)]]~[[Atmosphere (Sevenglory album)]]~[[Atmosphere (Kaskade album)]]~[[Atmosphere (Joy Division song)]]~[[Let's Take It to the Stage]]~[[Russ Abbot]]~[[Kaskade]]~[[Atmosphere (Kaskade album)]]~[[Atmosphere (architecture and spatial design)]]~[[Atmospheres (TV series)]]~[[Atmospheric theatre]]~[[Atmosphere Visual Effects]]~[[Adobe Atmosphere]]~[[Atmosfear (disambiguation)]]~
title>Assassins (disambiguation)~[[Assassin (disambiguation)]]~
title>ASL (disambiguation)~[[American Sign Language]]~[[Shot (film)#Duration]]~[[Advanced Squad Leader]]~[[A Static Lullaby]]~[[age/sex/location]]~[[American Soccer League (1921-1933)]]~[[American Soccer League (1933-1983)]]~[[American Soccer League (1988-1989)]]~[[American Soccer League (2014)]]~[[Australia's Surfing Life]]~[[Axpo Super League]]~[[American Society of Lymphology]]~[[Argininosuccinate lyase]]~[[ACPI Source Language]]~[[Adobe Source Libraries]]~[[AMPL]]~[[Apache Software License]]~[[Application Services Library]]~[[Above sea level]]~[[Association for Symbolic Logic]]~[[Air Serbia]]~[[ ASL Aviation Group]]~[[Autobacs Seven]]~[[Automated Systems Holdings Limited]]~[[The American School in London]]~[[Appalachian School of Law]]~[[Art Students League of New York]]~[[Art Students' League of Philadelphia]]~[[Advanced stop line]]~[[American Sign Language]]~[[Argentine Sign Language]]~[[Anti-Saloon League]]~[[Artists' Suffrage League]]~
title>Arene (disambiguation)~[[Aromatic hydrocarbon]]~[[aromatic hydrocarbon]]~[[Arene (gastropod)]]~[[Areneidae]]~[[Arene (mythology)]]~[[Arene, Elis]]~[[Samiko]]~[[Paul Arène]]~[[Jean Arènes]]~[[species]]~[[genus]]~[[Dombeya]]~
title>Anglo-Saxon (disambiguation)~[[Anglo-Saxons]]~[[Old English]]~[[Anglo-Saxon England]]~[[Anglo-Saxon world]]~[[White Anglo-Saxon Protestant]]~[[Anglo-Saxon economy]]~[[Anglo]]~
title>AD (disambiguation)~[[advertisement]]~[[Anno Domini]]~[[Anno Diocletiani]]~[[A.D. (film)]]~[[A.D. (miniseries)]]~[[A.D.: Beyond the Bible]]~[[A.D.: New Orleans After the Deluge]]~[[American Dad!]]~[[Animation Domination]]~[[Arrested Development (TV series)]]~[[audio description]]~[[AD (band)]]~[[A.D. (album)]]~[[Art director]]~[[Assistant director]]~[[Athletic director]]~[[Algemeen Dagblad]]~[[Architectural Digest]]~[[Accidental discharge]]~[[Active duty]]~[[Air defense]]~[[Air Department]]~[[destroyer tender]]~[[Action Directe (terrorist group)]]~[[Analog Devices]]~[[Democratic Action]]~[[Democratic Alternative (Malta)]]~[[joint-stock company]]~[[Types of business entity#Bulgaria]]~[[Ad (given name)]]~[[A. D. Loganathan]]~[[A. D. Whitfield]]~[[A. D. Winans]]~[[Adrian Peterson]]~[[‘Ad]]~[[ʿĀd]]~[[Andorra]]~[[Adamantyl]]~[[Adenovirus]]~[[Anaerobic digestion]]~[[Antiproton Decelerator]]~[[Approximate digestibility]]~[[Autodynamics]]~[[Autosomal dominant]]~[[Axiom of determinacy]]~[[Sharpless asymmetric dihydroxylation]]~[[Addison's disease]]~[[Alzheimer's disease]]~[[Anti-diarrheal]]~[[Atopic dermatitis]]~[[Atypical depression]]~[[Autonomic dysreflexia]]~[[.ad]]~[[Active Directory]]~[[Active Disassembly]]~[[Administrative domain]]~[[Analog-to-digital converter]]~[[Audio description]]~[[Automatic differentiation]]~[[173 (number)]]~[[Azul Brazilian Airlines]]~[[Air Paradise]]~[[Airworthiness Directive]]~[[Dennis Dragon]]~[[Aggregate demand]]~[[United States Academic Decathlon]]~[[Anno Domini (disambiguation)]]~[[Category:Two-letter disambiguation pages]]~
title>Asimov (disambiguation)~[[Isaac Asimov]]~[[Asimov (crater)]]~[[5020 Asimov]]~[[Asimov (surname)]]~[[Asimov's Science Fiction]]~[[Asimov's SF Adventure Magazine]]~[[Isaac Asimov Awards]]~[[ASIMO]]~
title>Arian (disambiguation)~[[Arius]]~[[Aria (name)]]~[[Aryan (disambiguation)]]~[[Persia]]~[[India]]~[[Albanian language]]~[[Aria (satrapy)]]~[[Persian empire]]~[[Herat province]]~[[Ancient Greece]]~[[Roman empire]]~[[Arianism]]~[[Arian controversy]]~[[Aria (satrapy)]]~[[Aryan]]~[[Aryan race]]~[[Arian (band)]]~[[Polish Brethren]]~[[Aries (astrology)]]~[[Arían]]~[[Ariane (disambiguation)]]~[[Ariane (rocket family)]]~[[Arrian]]~[[Arius (disambiguation)]]~
title>Amphibian (disambiguation)~[[amphibia]]~[[Amphibian (comics)]]~[[Amphibious vehicle]]~[[Amphibian aircraft]]~[[Vostok watches]]~[[Amphibian (song)]]~[[rebreather]]~
title>BASIC (disambiguation)~[[Basic]]~
title>Bach (disambiguation)~[[Johann Sebastian Bach]]~[[Bach family]]~[[BACH motif]]~[[Carl Philipp Emanuel Bach]]~[[Johann Christian Bach]]~[[Wilhelm Friedemann Bach]]~[[Vincent Bach]]~[[Bach (surname)]]~[[KBOQ]]~[[WBQK]]~[[WLTT]]~[[Bach an der Donau]]~[[Bach, Austria]]~[[Bach, Lot]]~[[Bach quadrangle]]~[[Bach (crater)]]~[[Weesener Bach]]~[[Maybach]]~[[Brown Association for Cooperative Housing]]~[[Vincent Bach Corporation]]~[[Bach flower remedies]]~[[Bill Bachrach]]~[[Yoel Sirkis]]~[[Bach (New Zealand)]]~[[Bach (surname)]]~[[Bachelor apartment]]~[[1814 Bach]]~[[Bach (surname)]]~[[Bạch]]~[[Bache (disambiguation)]]~[[Category:Place name disambiguation pages]]~[[Category:Human name disambiguation pages]]~
title>Big Dipper (disambiguation)~[[Big Dipper]]~[[roller coaster]]~[[Big Dipper (Blackpool)]]~[[Big Dipper (Geauga Lake)]]~[[standing but not operating]]~[[Big Dipper (Luna Park Sydney)]]~[[Big Dipper (Michigan's Adventure)]]~[[Cyclone (Dreamworld)]]~[[Wilt Chamberlain]]~[[Robert DiPierdomenico]]~[[Chris Duncan]]~[[Big Dipper (band)]]~[[Big Dipper (rapper)]]~[[Big Dipper (album)]]~[[Big Dipper (Elton John song)]]~[[Too Old to Rock 'n' Roll: Too Young to Die!]]~[[There's Nothing Wrong with Love]]~[[The Powers That B]]~[[Big Dipper Ice Arena]]~[[Beidou (disambiguation)]]~[[Little Dipper (disambiguation)]]~[[Starry Plough (disambiguation)]]~
title>Battle of Adrianople (disambiguation)~[[Battle of Adrianople]]~[[Battle of Tzirallum]]~[[Battle of Adrianople (324)]]~[[Siege of Adrianople (378)]]~[[Battle of Adrianople (718)]]~[[Siege of Adrianople (813)]]~[[Battle of Adrianople (914)]]~[[Sack of Adrianople (1003)]]~[[Battle of Adrianople (1094)]]~[[Battle of Adrianople (1205)]]~[[Battle of Adrianople (1254)]]~[[Battle of Adrianople (1255)]]~[[Battle of Adrianople (1355)]]~[[Ottoman capture of Adrianople]]~[[Battle of Adrianople (1829)]]~[[Siege of Adrianople (1912–13)]]~[[Second Battle of Adrianople]]~[[Edirne]]~
title>Bisexual (disambiguation)~[[Bisexuality]]~[[epicenity]]~[[androgyny]]~[[Sexual reproduction in plants]]~[[humans]]~[[unisexual]]~
title>Bay (disambiguation)~[[bay]]~[[Bay (horse)]]~[[Bay leaf]]~[[Bay Laurel]]~[[Bay (architecture)]]~[[Ken (architecture)]]~[[Dog communication#Howls]]~[[Bay, Haute-Saône]]~[[Bay, Laguna]]~[[Bay River]]~[[Bay, Somalia]]~[[Bay, Arkansas]]~[[San Francisco Bay Area]]~[[Chesapeake Bay]]~[[Morecambe Bay]]~[[102.1 Bay Radio]]~[[The Bay (radio station)]]~[[The Bay 102.8]]~[[Bay Radio (Spain)]]~[[Bay Radio (Malta)]]~[[100.7 The Bay]]~[[Bay (TTC)]]~[[Baia Mare Airport]]~[[Bay Station (OC Transpo)]]~[[biplane#Overview]]~[[Bay (surname)]]~[[Baywatch]]~[[Bay Street (disambiguation)]]~[[Bay Township (disambiguation)]]~[[Chancellor Bay]]~[[Bay Trading Company]]~[[Sick bay]]~[[Rhododendron maximum]]~[[Bay platform]]~[[The Bay School of San Francisco]]~[[Drive bay]]~[[The Bay]]~[[The Bay (film)]]~[[Bank of Ayudhya]]~[[Bay Networks]]~[[Metronomy]]~[[Bey (disambiguation)]]~[[eBay]]~
title>B52 (disambiguation)~[[Boeing B-52 Stratofortress]]~[[B-52 (cocktail)]]~[[B-52 (hairstyle)]]~[[B-52 Memorial Park]]~[[The B-52's]]~[[The B-52's (album)]]~[[B52 (chess opening)]]~[[B52 (New York City bus)]]~[[HLA-B52]]~[[Nora B-52]]~[[Volvo B52 engine]]~[[Project 571 Outline]]~[[Bundesstraße 52]]~[[List of federal highways in Germany]]~
title>Blowfish (disambiguation)~[[Tetraodontidae]]~[[The Blowfish]]~[[Blowfish (cipher)]]~[[Blowfish (company)]]~[[Columbia Blowfish]]~[[Hootie &amp; the Blowfish]]~[[List of Torchwood monsters and aliens#B#Blowfish]]~
title>Barrel (disambiguation)~[[barrel]]~[[Barrel (unit)]]~[[BARREL]]~[[barrel hinge]]~[[barrel (horology)]]~[[barrel distortion]]~[[barrel organ]]~[[barrel pillory]]~[[barrel processor]]~[[barrel racing]]~[[barrel roll]]~[[barrelled space]]~[[gun barrel]]~[[Venturi effect]]~[[F crimp]]~[[Nintendo tumbler puzzle]]~[[Clarinet#Components_of_a_modern_soprano_clarinet]]~[[tank]]~[[speculative fiction]]~[[Harry Turtledove]]~[[Victoria: An Empire Under the Sun]]~[[Polarity symbols]]~[[Beryl (disambiguation)]]~[[Keg]]~[[sl:Sod]]~
title>British Open (disambiguation)~[[British Open]]~[[Women's British Open]]~[[The Championships, Wimbledon]]~[[tennis]]~[[British Open Show Jumping Championships]]~[[British Open Squash Championships]]~[[British Open (snooker)]]~[[British Open Wheelchair Championships]]~[[BDO British Open]]~[[darts]]~[[Blackpool Dance Festival]]~
title>BCE (disambiguation)~[[Common Era]]~[[Anno Domini]]~[[European Central Bank]]~[[Banco Central del Ecuador]]~[[Brookfield Place (Toronto)]]~[[Basic Chess Endings]]~[[Beauce]]~[[Quebec]]~[[Bell Canada]]~[[Behind Crimson Eyes]]~[[Bhagalpur College of Engineering]]~[[Boundary Commission for England]]~[[British Columbia Hydro and Power Authority]]~[[RTL Group]]~[[Budapesti Corvinus Egyetem]]~[[Business Commitment to the Environment Award]]~
title>Bladder (disambiguation)~[[Bladder]]~[[Urinary bladder (Chinese medicine)]]~[[Urinary incontinence]]~[[Artificial urinary bladder]]~[[Pig bladder]]~[[Gallbladder]]~[[Swim bladder]]~[[Waterskin]]~[[Hydration system]]~[[Bag-In-Box]]~[[Pneumatic bladder]]~[[Fuel bladder]]~[[Gallbladder (disambiguation)]]~
title>Bin Laden (disambiguation)~[[Osama bin Laden]]~[[Saudi Binladin Group]]~[[bin Laden family]]~[[Abdallah Osama bin Laden]]~[[Ashin Wirathu]]~[[religious intolerance]]~[[Bakr bin Laden]]~[[Hamza bin Laden]]~[[Mohammed bin Awad bin Laden]]~[[Omar bin Laden]]~[[Saad bin Laden]]~[[Salem bin Laden]]~[[Tarek bin Laden]]~[[Wafah Dufour]]~[[Yeslam bin Ladin]]~[[Osama bin Laden (elephant)]]~[[bin Laden (song)]]~[[Three 6 Mafia]]~[[500 euro note]]~[[Tere Bin Laden]]~[[Category:Arabic-language surnames]]~
title>Belgian (disambiguation)~[[Belgium]]~[[Belgians]]~[[Demographics of Belgium]]~[[Culture of Belgium]]~[[List of Belgians]]~[[Belgian language]]~[[Belgian (horse)]]~[[Belgian cuisine]]~[[Belgian waffle]]~[[SS Belgian]]~[[SS Belgia]]~[[Special:Allpages/Belgian]]~[[Languages of Belgium]]~
title>Bihar (disambiguation)~[[Bihar]]~[[Bihar (king)]]~[[Bihar County]]~[[Bihor County]]~[[Biharia]]~[[Bihar Sharif]]~[[Bihar River]]~[[Palamu district]]~[[Bihar (surname)]]~[[Hajdú-Bihar]]~[[Koch Bihar]]~[[Bihar al-Anwar]]~[[Behar (parsha)]]~
title>Court of appeals (disambiguation)~[[court of appeals]]~[[Military Court of Appeals (Israel)]]~[[Corte d'Assise]]~[[Philippine Court of Appeals]]~[[High Court of Appeals of Turkey]]~[[United States courts of appeals]]~[[United States Court of Appeals for the Armed Forces]]~[[United States Court of Appeals for Veterans Claims]]~[[United States Court of Appeals for the Federal Circuit]]~[[United States Court of Appeals for the District of Columbia Circuit]]~[[United States Court of Appeals for the First Circuit]]~[[United States Court of Appeals for the Second Circuit]]~[[United States Court of Appeals for the Third Circuit]]~[[United States Court of Appeals for the Fourth Circuit]]~[[United States Court of Appeals for the Fifth Circuit]]~[[United States Court of Appeals for the Sixth Circuit]]~[[United States Court of Appeals for the Seventh Circuit]]~[[United States Court of Appeals for the Eighth Circuit]]~[[United States Court of Appeals for the Ninth Circuit]]~[[United States Court of Appeals for the Tenth Circuit]]~[[United States Court of Appeals for the Eleventh Circuit]]~[[Temporary Emergency Court of Appeals]]~[[Alabama Court of Appeals]]~[[Alaska Court of Appeals]]~[[Arizona Court of Appeals]]~[[Arkansas Court of Appeals]]~[[Colorado Court of Appeals]]~[[District of Columbia Court of Appeals]]~[[Georgia Court of Appeals]]~[[Hawaii Intermediate Court of Appeals]]~[[Idaho Court of Appeals]]~[[Illinois Court of Appeals]]~[[Indiana Court of Appeals]]~[[Iowa Court of Appeals]]~[[Kansas Court of Appeals]]~[[Kentucky Court of Appeals]]~[[Louisiana Court of Appeals]]~[[Maryland Court of Appeals]]~[[Michigan Court of Appeals]]~[[Minnesota Court of Appeals]]~[[Mississippi Court of Appeals]]~[[Missouri Court of Appeals]]~[[Nebraska Court of Appeals]]~[[New Mexico Court of Appeals]]~[[New York Court of Appeals]]~[[North Carolina Court of Appeals]]~[[North Dakota Court of Appeals]]~[[Ohio Seventh District Court of Appeals]]~[[Oregon Court of Appeals]]~[[South Carolina Court of Appeals]]~[[Tennessee Court of Appeals]]~[[Texas Courts of Appeals]]~[[First Court of Appeals of Texas]]~[[Second Court of Appeals of Texas]]~[[Third Court of Appeals of Texas]]~[[Fourth Court of Appeals of Texas]]~[[Fifth Court of Appeals of Texas]]~[[Sixth Court of Appeals of Texas]]~[[Seventh Court of Appeals of Texas]]~[[Eighth Court of Appeals of Texas]]~[[Ninth Court of Appeals of Texas]]~[[Tenth Court of Appeals of Texas]]~[[Eleventh Court of Appeals of Texas]]~[[Twelfth Court of Appeals of Texas]]~[[Thirteenth Court of Appeals of Texas]]~[[Fourteenth Court of Appeals of Texas]]~[[Utah Court of Appeals]]~[[Court of Appeals of Virginia]]~[[Washington Court of Appeals]]~[[Supreme Court of Appeals of West Virginia]]~[[Wisconsin Court of Appeals]]~[[Court of Appeal (disambiguation)]]~[[Court of Criminal Appeals (disambiguation)]]~[[Court of Criminal Appeal (disambiguation)]]~[[Appeal]]~[[State court (United States)#Nomenclature]]~[[List of legal topics]]~
title>Car (disambiguation)~[[car]]~[[Central African Republic]]~[[Car, Azerbaijan]]~[[Čar]]~[[Cars, Gironde]]~[[Les Cars]]~[[Cordillera Administrative Region]]~[[Canada Atlantic Railway]]~[[Canadian Atlantic Railway]]~[[Railroad car]]~[[elevator]]~[[tram]]~[[Chariot]]~[[Carriage]]~[[Cart]]~[[The Car]]~[[The Car (1997 film)]]~[[Cars (franchise)]]~[[Cars (film)]]~[[Cars 2]]~[[Cars (video game)]]~[[Cars 3]]~[[C.A.R. (album)]]~[[There's Nothing Wrong with Love]]~[[The Car (song)]]~[[Peter Gabriel (1977 album)]]~[[The Car Song]]~[[The Cars]]~[[The Cars (album)]]~[[Kris Delmhorst]]~[[Fear Factory]]~[[Cars (film)]]~[[Cars (Now, Now Every Children album)]]~[[Cars (Now, Now Every Children album)]]~[[Cars (song)]]~[[Car (magazine)]]~[[The Car (novel)]]~[[The Car (The Assistants episode)]]~[[The Car (painting)]]~[[Clock with Adaptive Replacement]]~[[CAR and CDR]]~[[Computer-assisted reporting]]~[[Computer-assisted reviewing]]~[[C.a.R.]]~[[Capital adequacy ratio]]~[[Capital adequacy requirement]]~[[Cost Accrual Ratio]]~[[Cumulative average return]]~[[Cumulative abnormal return]]~[[The Canadian Airborne Regiment]]~[[Combat Action Ribbon]]~[[Colt Automatic Rifle]]~[[CAR-15]]~[[U.S. Army Combat Arms Regimental System]]~[[Action Committee for Renewal]]~[[Canadian Association of Radiologists]]~[[Children of the American Revolution]]~[[Car (King of Caria)]]~[[Car (King of Megara)]]~[[Jean-François Cars]]~[[Laurent Cars]]~[[Carina (constellation)]]~[[Catecholamine]]~[[Canonical anticommutation relation]]~[[CXADR]]~[[Constitutive androstane receptor]]~[[Cortisol awakening response]]~[[Chimeric antigen receptor]]~[[Confederation of African Rugby]]~[[Carolina Panthers]]~[[Carolina Hurricanes]]~[[Car (surname)]]~[[Car language]]~[[Central apparatus room]]~[[builder's risk insurance]]~[[tsar]]~[[Criminal Appeal Reports]]~[[Cable television relay service station]]~[[Cars (painting)]]~[[CARs]]~[[Caucasian Achievement and Recognition Scholarship]]~[[Car Allowance Rebate System]]~[[Childhood Autism Rating Scale]]~[[Coherent anti-Stokes Raman spectroscopy]]~[[Combat Arms Regimental System]]~[[Confederation of Asia Roller Sports]]~[[Customer Access and Retrieval System]]~[[Cyprus Amateur Radio Society]]~[[Carr (disambiguation)]]~[[Passenger car (disambiguation)]]~
title>Cone (disambiguation)~[[cone]]~[[Cone (category theory)]]~[[Cone (formal languages)]]~[[Cone (linear algebra)]]~[[Cone (topology)]]~[[Conic bundle]]~[[Conical surface]]~[[Projective cone]]~[[Antenna blind cone]]~[[Cone algorithm]]~[[Cone beam reconstruction]]~[[Cone calorimeter]]~[[Cone clutch]]~[[Cone of depression]]~[[Cone penetration test]]~[[Cone Penetrometer]]~[[Conical intersection]]~[[Conical measure]]~[[Conical mill]]~[[Conical pendulum]]~[[Conical scanning]]~[[Helical cone beam computed tomography]]~[[Hertzian cone]]~[[Nose cone]]~[[Pyrometric cone]]~[[Roller cone bit]]~[[Skid cone]]~[[Speaker cone]]~[[Spinning cone]]~[[Bonnie Ethel Cone]]~[[Carin Cone]]~[[Chadrick Cone]]~[[Cone sisters]]~[[David Cone]]~[[Edward T. Cone]]~[[Fairfax M. Cone]]~[[Fred Cone (baseball)]]~[[Fred Cone (American football)]]~[[Fred P. Cone]]~[[Jason McCaslin]]~[[James Hal Cone]]~[[John Cone]]~[[John J. Cone]]~[[Mac Cone]]~[[Martin Cone]]~[[Marvin Cone]]~[[Moses H. Cone]]~[[Reuben Cone]]~[[Robert W. Cone]]~[[Sara Cone Bryant]]~[[Spencer Cone Jones]]~[[Spencer Houghton Cone]]~[[Tim Cone]]~[[Cone Mills Corporation]]~[[Cone (software)]]~[[Cone tracing]]~[[Second-order cone programming]]~[[Cone cell]]~[[Cone dystrophy]]~[[Cone snail]]~[[Cone-billed Tanager]]~[[Conifer cone]]~[[Growth cone]]~[[Witch-hazel cone gall aphid]]~[[Brain herniation#coning]]~[[Cone Nebula]]~[[Ionization cone]]~[[Cinder cone]]~[[Dirt cone]]~[[Parasitic cone]]~[[Shatter cone]]~[[Volcanic cone]]~[[Lambert conformal conic projection]]~[[Cone, Texas]]~[[Cone Islet]]~[[Conical Range]]~[[Carbon nanocone]]~[[Conical Asian hat]]~[[Ice cream cone]]~[[Snow cone]]~[[Traffic cone]]~[[USS Cone (DD-866)]]~[[Elizabethan collar]]~[[Kegel (disambiguation)]]~
title>Cow (disambiguation)~[[Cow]]~[[List of animal names]]~[[Distillation cow]]~[[Cell on wheels]]~[[Cluster of Workstations]]~[[Cold work]]~[[Copy-on-write]]~[[Circle of Willis]]~[[Cow (film)]]~[[Cow (public service announcement)]]~[[The Cow (film)]]~[[Cows (band)]]~[[Vacas]]~[[Computer Originated World]]~[[Matthew Stokoe]]~[[Prepare to Bawl]]~[[Cow and Chicken]]~[[Animal Farm#Other animals]]~[[City of Westminster]]~[[Cowdenbeath railway station]]~[[College of Wooster]]~[[Coalition of the willing]]~[[Correlates of War]]~[[Cost of war]]~[[Coventry Ordnance Works]]~[[Can of worms (disambiguation)]]~[[Crude oil washing]]~[[Cows (ice cream)]]~[[cow-calf]]~[[Sacred cow (disambiguation)]]~[[Cowes]]~[[Cowes Week]]~[[Kow (disambiguation)]]~
title>Cambridge (disambiguation)~[[Cambridge]]~[[University of Cambridge]]~[[Cambridge, Massachusetts]]~[[Cambridge, Ontario]]~[[Cambridge, Tasmania]]~[[Town of Cambridge]]~[[Cambridge (electoral district)]]~[[Cambridge (provincial electoral district)]]~[[Cambridge, Hants County, Nova Scotia]]~[[Cambridge, Kings County, Nova Scotia]]~[[Cambridge, Ontario]]~[[Cambridge Parish, New Brunswick]]~[[Cambridge-Narrows, New Brunswick]]~[[Cambridge, Jamaica]]~[[Cambridge, New Zealand]]~[[Cambridge, Gloucestershire]]~[[Cambridge (UK Parliament constituency)]]~[[Cambridge, Idaho]]~[[Cambridge, Illinois]]~[[Cambridge, Iowa]]~[[Cambridge, Kansas]]~[[Cambridge, Kentucky]]~[[Cambridge, Maine]]~[[Cambridge, Maryland]]~[[Cambridge, Massachusetts]]~[[Cambridge, Minnesota]]~[[Cambridge, Nebraska]]~[[Cambridge, New Hampshire]]~[[Cambridge (village), New York]]~[[Cambridge (town), New York]]~[[Cambridge, Ohio]]~[[Cambridge, Vermont]]~[[Cambridge, Wisconsin]]~[[Cambridge Audio]]~[[Cambridge SoundWorks]]~[[Cambridge Glass]]~[[Cambridge State University]]~[[College of Cambridge]]~[[Asuka Cambridge]]~[[Cambridge University Press]]~[[Cambridge Bay, Nunavut]]~[[Cambridge Circus (disambiguation)]]~[[Cambridge City, Indiana]]~[[Cambridge Heath]]~[[The Cambridge School (disambiguation)]]~[[Cambridge Springs, Pennsylvania]]~[[Cambridge Town (disambiguation)]]~[[Cambridge Township, Henry County, Illinois]]~[[Cambridge Township, Michigan]]~[[Cambridge Township, Minnesota]]~[[Cambridge Township, Guernsey County, Ohio]]~[[Cambridge Township, Pennsylvania]]~[[Duke of Cambridge]]~[[Cambridge Theatre]]~
title>Cantonese (disambiguation)~[[Cantonese]]~[[Yue Chinese]]~[[Cantonese cuisine]]~[[Cantonese grammar]]~[[Cantonese opera]]~[[Cantonese people]]~[[Cantonese pronouns]]~[[Cantonese Braille]]~[[Cantopop]]~[[Index of Cantonese-related articles]]~
title>Cricket (disambiguation)~[[Cricket]]~[[Cricket (insect)]]~[[Tettigoniidae]]~[[Cricket (musical)]]~[[The Cricket (film)]]~[[Christine Blair]]~[[To Have and Have Not (film)]]~[[Fire on the Mountain (1988 novel)]]~[[Crickets (film)]]~[[The Crickets]]~[[Preservation Act 1]]~[[Crickets (album)]]~[[Drop City Yacht Club]]~[[Shturcite]]~[[Cricket (magazine)]]~[[Chrząszcz]]~[[The Cricket]]~[[Cricket (1914 automobile)]]~[[Plymouth Cricket (disambiguation)]]~[[Colomban Cri-cri]]~[[Cricket Wireless]]~[[Cricket (darts)]]~[[Programmable Cricket]]~[[Cricket (roofing)]]~[[Cricket, North Carolina]]~[[float (breakdancing move)]]~[[Cricket (warning sound)]]~[[Cricket St Thomas]]~
title>Christian (disambiguation)~[[christian]]~[[Christianity]]~[[Christian Church (Disciples of Christ)]]~[[Christian churches and churches of Christ]]~[[Christian (given name)]]~[[Christian (surname)]]~[[Prince Christian (disambiguation)]]~[[The Pilgrim's Progress]]~[[Christian of Clogher]]~[[Christian of Oliva]]~[[Christian (French actor)]]~[[Christian (wrestler)]]~[[Christian the lion]]~[[Christian, West Virginia]]~[[Christian Island (Ontario)]]~[[Christian County, Illinois]]~[[Christian County, Kentucky]]~[[Christian County, Missouri]]~[[The Christians (band)]]~[[Christian the Christian]]~[[Christian (1939 film)]]~[[Christian (1989 film)]]~[[The Christians (political party)]]~[[St Jude storm]]~
title>CPR (disambiguation)~[[CPR]]~[[Paul Rhoads]]~[[Classification of Pharmaco-Therapeutic Referrals]]~[[Conservatives for Patients' Rights]]~[[American Bar Association Model Code of Professional Responsibility]]~[[Center for Performance Research]]~[[Centre for Policy Research]]~[[Communist Party of Réunion]]~[[Communist Party of Russia (disambiguation)]]~[[Congress for the Republic]]~[[Det Centrale Personregister]]~[[Canadian Pacific Railway]]~[[automatic number plate recognition]]~[[Casper–Natrona County International Airport]]~[[Central Pacific Railroad]]~[[Cornelius Pass Road]]~[[Chicago Public Radio]]~[[Colorado Public Radio]]~[[CPR (band)]]~[[Corporate Punishment Records]]~[[Continuous Plankton Recorder]]~[[Steinberg Cubase]]~[[Cytochrome P450 reductase]]~[[ANSI escape code#CPR]]~[[CPR-1000]]~[[Patent Rolls]]~[[Civil Procedure Rules]]~[[Common-pool resource]]~[[International Grooving &amp; Grinding Association]]~[[Critique of Pure Reason]]~[[EN 54]]~
title>Cleopatra (disambiguation)~[[Cleopatra VII]]~[[Cleopatra I Syra]]~[[Cleopatra II of Egypt]]~[[Cleopatra III of Egypt]]~[[Cleopatra IV of Egypt]]~[[Cleopatra V of Egypt]]~[[Cleopatra VI of Egypt]]~[[Cleopatra Eurydice of Macedon]]~[[Cleopatra of Jerusalem]]~[[Cleopatra of Macedon]]~[[Cleopatra of Pontus]]~[[Cleopatra Selene I]]~[[Cleopatra Selene II]]~[[Cleopatra Thea]]~[[Saint Cleopatra]]~[[Cleopatra the Alchemist]]~[[Berenice III of Egypt]]~[[Cleopatra Borel-Brown]]~[[Cleopatra Coleman]]~[[Cleopatra Mathis]]~[[Cleopatra Stratan]]~[[Cleopatra Tucker]]~[[Cleopatra (Greek singer)]]~[[Cleopatra Alcyone]]~[[Cleopatra, daughter of Danaus]]~[[Phineus]]~[[Tros (mythology)]]~[[Idomeneus]]~[[Periboea]]~[[Cleopatra, Kentucky]]~[[Cleopatra (neighborhood)]]~[[Cleopatra (crater)]]~[[216 Kleopatra]]~[[Cleopatra (horse)]]~[[Cleopatra (gastropod)]]~[[Gonepteryx cleopatra]]~[[HMS Cleopatra]]~[[Cleopatra (Rider Haggard novel)]]~[[Cleopatra (Gardner novel)]]~[[La Cleopatra (poem)]]~[[Cléopâtre (1899 film)]]~[[Cleopatra (1912 film)]]~[[Cleopatra (1917 film)]]~[[Cleopatra (1934 film)]]~[[Cleopatra (1963 film)]]~[[Cleopatra (1963 soundtrack)]]~[[Cleopatra (1970 film)]]~[[Cleopatra (1999 film)]]~[[Cleopatra (2003 film)]]~[[Cleopatra (2005 film)]]~[[Cleopatra (2013 film)]]~[[The Cleopatras]]~[[Cleopatra 2525]]~[[Cleopatra Jones]]~[[Cleopatra Jones and the Casino of Gold]]~[[Foxxy Cleopatra]]~[[Cleopatra (Rome character)]]~[[Clone High]]~[[Doug]]~[[Cléopâtre]]~[[La Cleopatra]]~[[Lauro Rossi]]~[[Johann Mattheson]]~[[Luigi Mancinelli]]~[[Aurelio Bonelli]]~[[August Enna]]~[[George Whitefield Chadwick]]~[[Charles Tomlinson Griffes]]~[[Cleopatra Records]]~[[Cleopatra (band)]]~[[Cleopatra (band)]]~[[Elmer Bernstein]]~[[Cleopatra (1963 soundtrack)]]~[[Alex North]]~[[Cleopatra (1999 film)]]~[[Trevor Jones (composer)]]~[[Cleopatra Feelin' Jazzy]]~[[Natalie Dessay]]~[[Isabel Bayrakdarian]]~[[Frankie Avalon]]~[[Mohamed Abdel Wahab]]~[[Cleopatra (Jerome Kern song)]]~[[Cleopatra (Weezer song)]]~[[Chris Howland]]~[[The Robins]]~[[Elastica]]~[[Cleopatra (Frankie Avalon song)]]~[[Jonathan Richman]]~[[The Modern Lovers]]~[[Paul Vance]]~[[The Precisions]]~[[Rusty and Doug]]~[[Rusty Kershaw]]~[[Doug Kershaw]]~[[The Tennors]]~[[Roland Alphonso]]~[[The Sound Dimensions]]~[[Clement Dodd]]~[[Arusha]]~[[Dirk Wears White Sox]]~[[Stanley Black]]~[[David Vendetta]]~[[Eric Gale]]~[[Mohamed Abdel Wahab]]~[[Miniature Tigers]]~[[Rosenstolz]]~[[Chris Duarte]]~[[The Skatalites]]~[[Dorothy Reynolds]]~[[Julian Slade]]~[[Indo G]]~[[Ken Schaphorst]]~[[Alex North]]~[[Urthboy]]~[[Chris Duarte]]~[[Jutta Hipp]]~[[Wally Pleasant]]~[[Luke Vibert]]~[[Free Kitten]]~[[King Just]]~[[The Players Band]]~[[Kinderjazz]]~[[Nico Fidenco]]~[[Olympos Mons]]~[[Derrick Morgan]]~[[Disown (band)]]~[[Suspekt]]~[[Goddess (band)]]~[[Millie P]]~[[Tito Puente]]~[[Bee Gees]]~[[Cleopatra, Queen of Denial]]~[[Tullycraft]]~[[Flaming Mussolinis]]~[[Jamie Coe]]~[[Dan Belloc]]~[[Bobby Capri]]~[[Paul Baron]]~[[R. Alphonso]]~[[Dirty Faces]]~[[Philippe de Canck]]~[[Nockalm Quintett]]~[[Kleopatra_(software)]]~[[Cleo (disambiguation)]]~[[Cleopatra Algemene Studentenvereniging Groningen]]~
title>Cadillac (disambiguation)~[[Cadillac]]~[[Cadillac, Michigan]]~[[Cadillac Mountain]]~[[Cadillac, Saskatchewan]]~[[Rouyn-Noranda, Quebec]]~[[Cadillac, Gironde]]~[[Cadillac-en-Fronsadais]]~[[Lake Cadillac]]~[[Cadillac (band)]]~[[Cadillac (record label)]]~[[Cadillac (song)]]~[[Cadilac (T. Rex song)]]~[[Telegram Sam]]~[[The Slider]]~[[Cadillac (The Firm song)]]~[[Dean Guitars]]~[[Garth Brooks]]~[[The Cadillacs]]~[[Los Fabulosos Cadillacs]]~[[Guitars, Cadillacs, Etc., Etc.]]~[[Pink Cadillac (song)]]~[[Brand New Cadillac]]~[[Cadillac (album)]]~[[Black Cadillacs]]~[[One Piece at a Time]]~[[List of RPM number-one country singles of 1970]]~[[Antoine Laumet de La Mothe, sieur de Cadillac]]~[[Carnell Williams]]~[[Textron Marine &amp; Land Systems]]~[[Cadillac AOC]]~[[Trebbiano]]~[[Burger (grape)]]~[[Muscadelle]]~[[Square Deal: The Game of Two Dimensional Poker]]~[[Hect]]~[[Cadillac Records]]~[[Xenozoic Tales]]~[[Cadillac Ranch (disambiguation)]]~[[Thirty-one (card game)]]~[[The Cadillac (Seinfeld)]]~[[Cadillac (Montreal Metro)]]~[[Cadillac insurance plan]]~[[Cocaine]]~[[Category:Place name disambiguation pages]]~
title>Christchurch (disambiguation)~[[Christchurch]]~[[Christchurch (New Zealand electorate)]]~[[Christchurch Central]]~[[Christchurch Central City]]~[[Christchurch, Cambridgeshire]]~[[Christchurch, Dorset]]~[[Christchurch Castle]]~[[Christchurch Harbour]]~[[Christchurch Priory]]~[[RAF Christchurch]]~[[Christchurch (UK Parliament constituency)]]~[[Berry Hill, Gloucestershire]]~[[Christchurch, Newport]]~[[Christchurch Mansion]]~[[Christchurch Park]]~[[Christchurch railway station]]~[[Christchurch railway station, Dublin]]~[[Christchurch School]]~[[Christchurch Boys' High School]]~[[Christchurch Girls' High School]]~[[University of Otago Christchurch School of Medicine]]~[[Christ Church Anglo-Indian Higher Secondary School]]~[[Christchurch F.C.]]~[[Christchurch United]]~[[Christchurch Technical]]~[[Christchurch High School Old Boys]]~[[Christchurch-Campbell]]~[[ChristChurch London]]~[[Christchurch the Music]]~[[Christ Church (disambiguation)]]~[[Christ Church Cathedral (disambiguation)]]~[[Category:Place name disambiguation pages]]~
title>Chirality (disambiguation)~[[Chirality]]~[[Chirality (chemistry)]]~[[Chirality (electromagnetism)]]~[[Chirality (mathematics)]]~[[Chirality (physics)]]~[[Chirality (journal)]]~[[Chirality (manga)]]~[[Chirality in gastropods]]~[[Chiral knot]]~[[Handedness]]~
title>CSS (disambiguation)~[[CSS]]~[[Central Structure Store]]~[[Closed source software]]~[[Content Scramble System]]~[[Content Services Switch]]~[[CSS (band)]]~[[Closed Shell Syndrome]]~[[Comcast/Charter Sports Southeast]]~[[Campus SuperStar]]~[[Counter-Strike: Source]]~[[Central Security Service]]~[[Central Superior Services of Pakistan]]~[[Chicago SouthShore and South Bend Railroad]]~[[Committee for State Security]]~[[KGB]]~[[Canadian Hydrographic Service]]~[[Combat service support]]~[[Dongfeng missile]]~[[Confederate States Ship]]~[[Confederate Secret Service]]~[[Columbia Secondary School]]~[[Centennial Secondary School (disambiguation)]]~[[Safety training certificate (France) (Flight attendant)]]~[[Chase Secondary School]]~[[College of Social Studies]]~[[Clementi Secondary School]]~[[Colorado Springs School]]~[[Commonwealth Secondary School]]~[[Courtice Secondary School]]~[[CSS Profile]]~[[College of St. Scholastica]]~[[Chinese space station]]~[[Canadian Space Society]]~[[Catalina Sky Survey]]~[[Commercial space station (disambiguation)]]~[[Club Sportif Sfaxien]]~[[Comcast/Charter Sports Southeast]]~[[Citizens Signpost Service]]~[[Commission on Safety Standards]]~[[IAEA]]~[[Community Service Society of New York]]~[[Congregation of the Sacred Stigmata]]~[[Cryptogamic Society of Scotland]]~[[Chessington South railway station]]~[[Chicago SouthShore and South Bend Railroad]]~[[Chirp Spread Spectrum]]~[[Churg-Strauss syndrome]]~[[speeds and feeds]]~[[Context Sensitive Solutions]]~[[Cyclic Steam Stimulation]]~[[Cross-site scripting]]~
title>CD (disambiguation)~[[CD]]~[[CD-ROM]]~[[cd (command)]]~[[.cd]]~[[Continuous delivery]]~[[Cadmium]]~[[Candela]]~[[Circular dichroism]]~[[Cluster of differentiation]]~[[Cordoba Durchmusterung]]~[[Cosmological decade]]~[[Drag coefficient]]~[[Type-cD galaxy]]~[[Coeliac disease]]~[[Conduct disorder]]~[[Crohn's disease]]~[[Canadian Forces Decoration]]~[[Centre Democrats (Denmark)]]~[[Centre Democrats (Netherlands)]]~[[České Dráhy]]~[[Commander of the Order of Distinction]]~[[Community of Democracies]]~[[Conference on Disarmament]]~[[Corps Diplomatique]]~[[Centro Democratico]]~[[Geely CD]]~[[Cairo Damascus]]~[[Certificate of deposit]]~[[Civil defense]]~[[Companion dog (
title)]]~[[Democratic Republic of the Congo]]~[[400 (number)]]~[[205 (number)]]~[[T2 (band)]]~[[North American call sign]]~[[International Organization for Standardization]]~[[Conservation Dependent]]~[[Category:Two-letter disambiguation pages]]~
title>Canterbury (disambiguation)~[[Canterbury]]~[[Canterbury, New South Wales]]~[[Electoral district of Canterbury]]~[[City of Canterbury, New South Wales]]~[[Canterbury, Queensland]]~[[Canterbury, Victoria]]~[[Canterbury, New Brunswick]]~[[Canterbury Parish, New Brunswick]]~[[Canterbury Falls]]~[[Canterbury, New Zealand]]~[[Canterbury Province]]~[[Canterbury Plains]]~[[Canterbury Bight]]~[[Canterbury (UK Parliament constituency)]]~[[City of Canterbury]]~[[Province of Canterbury]]~[[Diocese of Canterbury]]~[[Oriel Square]]~[[Canterbury, Connecticut]]~[[Canterbury, Delaware]]~[[Canterbury, New Hampshire]]~[[Canterbury, West Virginia]]~[[Canterbury, Jamaica]]~[[Montego Bay]]~[[Canterbury Spur]]~[[3563 Canterbury]]~[[University of Canterbury]]~[[Canterbury College (disambiguation)]]~[[Canterbury High School (disambiguation)]]~[[Canterbury School (disambiguation)]]~[[Canterbury University (Seychelles)]]~[[Canterbury scene]]~[[progressive rock]]~[[Canterbury (album)]]~[[Canterbury (band)]]~[[Canterbury (ship)]]~[[HMS Canterbury]]~[[HMNZS Canterbury (F421)]]~[[HMNZS Canterbury (L421)]]~[[Canterbury Stakes]]~[[Canterbury Open]]~[[Canterbury Golf Club]]~[[Canterbury Park]]~[[Canterbury of New Zealand]]~[[Viscount Canterbury]]~[[Canterbury (furniture)]]~[[Canterbury Hospital]]~[[Canterbury Presbyterian Church]]~[[Canterbury Hotel]]~[[Canterbury Road]]~[[Chandler Canterbury]]~[[Dave Canterbury]]~[[Tim Canterbury]]~[[Canterbury of New Zealand]]~[[Project Canterbury]]~
title>Cuzco (disambiguation)~[[Cusco (disambiguation)]]~
title>Company (disambiguation)~[[company]]~[[Company (military unit)]]~[[Opera company]]~[[Theatre company]]~[[Company (band)]]~[[Company (film)]]~[[Company (free improvisation group)]]~[[Company (Heroes)]]~[[Company (LGBT magazine)]]~[[Company (magazine)]]~[[Company (musical)]]~[[Company (novel)]]~[[Company (song)]]~[[Company (short story)]]~[[String Quartet No. 2 (Glass)]]~[[The Company (disambiguation)]]~
title>Celebes (disambiguation)~[[Sulawesi]]~[[Celebes Islands]]~[[Celebes Sea]]~[[The Elephant Celebes]]~
title>Chairman of the board (disambiguation)~[[Chairman of the Board (disambiguation)]]~
title>Canopus (disambiguation)~[[Canopus]]~[[Canopus, Egypt]]~[[Canopus (mythology)]]~[[Canopus (rocket)]]~[[Canopus Corporation]]~[[HMS Canopus]]~[[USS Canopus (AS-34)]]~[[Canopus (nuclear test)]]~[[Canopus Lake]]~[[Canopus in Argos]]~[[Canopic jar]]~
title>Cumberland (disambiguation)~[[Cumberland]]~[[Cumberland County, New South Wales]]~[[Cumberland Islands (Queensland)]]~[[Cumberland, Queensland]]~[[Cumberland Park, South Australia]]~[[Cumberland, British Columbia]]~[[Cumberland, Ontario (disambiguation)]]~[[Cumberland County, Nova Scotia]]~[[Cumberland House, Saskatchewan]]~[[Cumberland (N.W.T. electoral district)]]~[[Cumberland (Saskatchewan provincial electoral district)]]~[[Cumberland (Nova Scotia electoral district)]]~[[Cumberland (electoral district)]]~[[Cumberland (Edmonton)]]~[[Cumberland (ward)]]~[[Cumberland, Saint Vincent and the Grenadines]]~[[Cumberland, Georgia]]~[[Cumberland, Indiana]]~[[Cumberland, Iowa]]~[[Cumberland, Kentucky]]~[[Cumberland, Maine]]~[[Cumberland, Maryland]]~[[Cumberland, New Jersey]]~[[Cumberland, Ohio]]~[[Cumberland, Oklahoma]]~[[Cumberland, Rhode Island]]~[[Cumberland, Virginia]]~[[Cumberland, Washington]]~[[Cumberland, Wisconsin]]~[[Cumberland, Barron County, Wisconsin]]~[[Cumberland Township, Adams County, Pennsylvania]]~[[Cumberland Township, Greene County, Pennsylvania]]~[[Cumberland Bone Cave]]~[[Cumberland Center, Maine]]~[[Cumberland City, Tennessee]]~[[Cumberland Gap, Tennessee]]~[[Cumberland Head, New York]]~[[Cumberland Hill, Rhode Island]]~[[Cumberland Island]]~[[Cumberland County (disambiguation)]]~[[Cumberland Sound]]~[[Cumberland Mine]]~[[Cumberland Bay (Isla Robinsón Crusoe)]]~[[Cumberland Gap]]~[[Cumberland Mountains]]~[[Cumberland Plateau]]~[[Cumberland River]]~[[Cumberland Falls]]~[[Lake Cumberland]]~[[Cumberland Narrows]]~[[National Road]]~[[Cumberland Valley]]~[[Cumberland Valley AVA]]~[[Cumberland Island]]~[[Cumberland (surname)]]~[[Duke of Cumberland]]~[[Earl of Cumberland]]~[[Cumberland School of Law]]~[[Cumberland University]]~[[University of the Cumberlands]]~[[USS Cumberland]]~[[HMS Cumberland]]~[[Cumberland (1802)]]~[[Cumberland (pharmacy)]]~[[Cumberland Farms]]~[[Army of the Cumberland]]~[[Cumberland Building Society]]~[[Cumberland (CTA)]]~[[Cumberland Infirmary]]~[[Cumberland (Metra)]]~[[Cumberland Presbyterian Church]]~[[Cumberland Records]]~[[Cumberland (rugby league team)]]~[[Cumberland sauce]]~[[Cumberland sausage]]~[[1964 Cumberland B-52 crash]]~[[Cumberland United]]~[[West Cumberland Hospital]]~
title>Capella (disambiguation)~[[chapel]]~[[Capella]]~[[Capella (crater)]]~[[Mazda Capella]]~[[USS Capella]]~[[Capella (notation program)]]~[[Gallinago]]~[[Capella, Queensland]]~[[Capella Island]]~[[Capella University]]~[[Capella, Aragon]]~[[Capella (music)]]~[[Capella Cracoviensis]]~[[Capella Savaria]]~[[Capella Istropolitana]]~[[La Capella Reial de Catalunya]]~[[Alta capella]]~[[Felix Capella]]~[[Martianus Capella]]~[[Capela (disambiguation)]]~[[Cappella (disambiguation)]]~[[A cappella (disambiguation)]]~[[Kapella River]]~
title>Cyclops (disambiguation)~[[cyclops]]~[[Cyclops (play)]]~[[Cyclops (novel)]]~[[Cyclops (comics)]]~[[Cyclops (magazine)]]~[[Philoxenus of Cythera]]~[[Ulysses (novel)#Episode 12, Cyclops]]~[[The Postman]]~[[Ranko Marinković]]~[[The Cyclops (film)]]~[[Cyclops (1976 film)]]~[[Cyclops (1982 film)]]~[[Cyclops (1987 film)]]~[[Cyclops (2008 film)]]~[[List of Xiaolin Showdown characters#Cyclops]]~[[The Infershia Pantheon#Cyclops]]~[[The Big Bus]]~[[Cyclops (Dungeons &amp; Dragons)]]~[[BattleMech#Assault]]~[[Halo Wars]]~[[Cyclops (album)]]~[[Portrait of an American Family]]~[[The Libertines (album)]]~[[The Cyclops (Redon)]]~[[Cyclops (genus)]]~[[Cyclops (rock)]]~[[Cyclops (computer system)]]~[[Cyclops laser]]~[[Cyclops64]]~[[Project Cyclops]]~[[USS Cyclops]]~[[West Cornwall Railway#Locomotives]]~[[New Zealand DM class electric multiple unit#Liveries]]~[[British Rail Class 67]]~[[Cyclops (roller coaster)]]~[[Cyclops Mountains]]~[[Cyclopia]]~[[Cyclopsitta]]~
title>CPSU (disambiguation)~[[Communist Party of the Soviet Union]]~[[Communist Party of the Soviet Union (1992)]]~[[Communist Party of the Soviet Union (Shenin)]]~[[Union of Communist Parties — Communist Party of the Soviet Union]]~[[Civil and Public Services Union]]~[[Community and Public Sector Union]]~[[California Polytechnic State University]]~[[Commonwealth Policy Studies Unit]]~[[Coventry Polytechnic]]~
title>DES (disambiguation)~[[DES]]~
title>Deflation (disambiguation)~[[Deflation]]~[[inflation]]~[[inflatable]]~[[The Great Deflation]]~[[DEFLATE (algorithm)]]~[[Eolian processes#Eolian erosion]]~[[Deflation (film)]]~[[Jenkins-Traub algorithm]]~[[deflationary theory of truth]]~[[Inflation (disambiguation)]]~
title>Dungeon Master (disambiguation)~[[Dungeon Master]]~[[Gamemaster]]~[[Dungeon Master (video game)]]~[[ASCII (company)]]~[[Dungeons &amp; Dragons (TV series)#Characters]]~[[The Dungeonmaster]]~[[Dungeon monitor]]~[[dungeon (BDSM)]]~[[The Dungeon Master]]~[[Lord Ao]]~[[Abeir-Toril]]~[[David Parker Ray]]~[[Berkeley Software Distribution]]~[[Zork III: The Dungeon Master]]~[[The Dungeon Master (video game)]]~[[The Dungeon Masters]]~
title>DSL (disambiguation)~[[DSL]]~[[Damn Small Linux]]~[[Danish Sign Language]]~[[Definitive software library]]~[[Design Science License]]~[[Diagnostic Systems Laboratories]]~[[Dictionary of the Scots Language]]~[[Domain-specific language]]~[[Dominican Summer League]]~[[Ed Banger Records]]~[[Hearing aid]]~
title>King David (disambiguation)~[[David]]~[[David I (disambiguation)]]~[[David II (disambiguation)]]~[[David IV of Georgia]]~[[David V of Georgia]]~[[David VI of Georgia]]~[[David VII of Georgia]]~[[David VIII of Georgia]]~[[David IX of Georgia]]~[[David X of Kartli]]~[[Capleton]]~[[Kalākaua]]~[[King David (film)]]~[[King David (musical)]]~[[Le roi David]]~[[King David Hotel]]~[[David King (disambiguation)]]~[[King David School (disambiguation)]]~
title>Disney (disambiguation)~[[The Walt Disney Company]]~[[The Walt Disney Studios (division)]]~[[Walt Disney Studios (Burbank)]]~[[Walt Disney Studios Motion Pictures]]~[[Walt Disney Pictures]]~[[Walt Disney Studios Home Entertainment]]~[[Disney Theatrical Group]]~[[Disney Theatrical Productions]]~[[Disney Music Group]]~[[Walt Disney Records]]~[[Walt Disney Animation Studios]]~[[Walt Disney Parks and Resorts]]~[[Walt Disney World Resort]]~[[Disneyland Resort]]~[[Disneyland Paris]]~[[Hong Kong Disneyland Resort]]~[[Tokyo Disney Resort]]~[[Shanghai Disney Resort]]~[[Disney Cruise Line]]~[[Disney Channel]]~[[Walt Disney Television]]~[[Walt Disney Television Animation]]~[[Disney Interactive Studios]]~[[Capital Disney]]~[[Radio Disney]]~[[Disney family]]~[[Walt Disney]]~[[Roy O. Disney]]~[[Roy E. Disney]]~[[Abigail Disney]]~[[Lillian Disney]]~[[Elias Disney]]~[[Flora Call Disney]]~[[Herbert Arthur Disney]]~[[Diane Marie Disney]]~[[Sharon Mae Disney]]~[[Disney, Oklahoma]]~[[Norton Disney]]~[[John Disney]]~[[John Disney (rector)]]~[[John Disney (Unitarian)]]~[[Melissa Disney]]~[[Richard Disney]]~[[Wesley E. Disney]]~[[Disney bomb]]~[[Walt Disney (disambiguation)]]~[[Disneyland (disambiguation)]]~[[Dizney, Kentucky]]~
title>Economy (disambiguation)~[[Economy]]~[[economics]]~[[frugality]]~[[World economy]]~[[Virtual economy]]~[[Economy (religion)]]~[[Economy (Thoreau)]]~[[Economy class]]~[[Jazz ist anders (Economy)]]~[[Die Ärzte]]~[[economy of Salvation]]~[[Economy, Indiana]]~[[Economy, Pennsylvania]]~[[Old Economy Village]]~[[Economy, Nova Scotia]]~
title>Euphoria (disambiguation)~[[Euphoria]]~[[Euphoria (beetle)]]~[[longan]]~[[New York Euphoria]]~[[WWC Euphoria]]~[[Euphoria (Leftover Salmon album)]]~[[Euphoria (Def Leppard album)]]~[[Euphoria (Enrique Iglesias album)]]~[[Euphoria (compilations)]]~[[Euphoria (Vinnie Vincent album)]]~[[Euphoria (Euphoria album)]]~[[Surfact]]~[[State of Euphoria]]~[[Euforia – Helen Sjöholm sjunger Billy Joel]]~[[Euphoria (Ruslana album)]]~[[Euphoria (Dead Man album)]]~[[Euphoria (Loreen song)]]~[[Euphoria (Usher song)]]~[[Parade of the Athletes]]~[[In the Groove (video game)]]~[[Some Kind of Strange]]~[[An Elixir for Existence]]~[[Karma (Delerium album)]]~[[Unholy Terror]]~[[The Baroness (album)]]~[[Earth Music]]~[[Euphoria (American band)]]~[[Euphoria (Australian band)]]~[[Euphoria (Canadian band)]]~[[Euphoria (Indian band)]]~[[Eu Phoria]]~[[Euphoria (film)]]~[[Euphoria, Part 1]]~[[Euphoria, Part 2]]~[[Euphoria (software)]]~[[Euphoria (programming language)]]~[[4-Methylaminorex]]~[[propaganda]]~[[Euforia (wrestler)]]~[[Euphorbia]]~[[Euphoric (disambiguation)]]~
title>Eric Raymond (disambiguation)~[[Eric S. Raymond]]~[[Eric Scott Raymond]]~[[Eric Raymond (Jem)]]~
title>Euler (disambiguation)~[[Leonhard Euler]]~[[Euler (programming language)]]~[[Euler (software)]]~[[Euler-Werke]]~[[August Euler]]~[[AMS Euler]]~[[Project Euler]]~[[Euler (surname)]]~[[Euler Hermes]]~[[List of topics named after Leonhard Euler]]~
title>EFTA (disambiguation)~[[European Fair Trade Association]]~[[European Federation of Taiwanese Associations]]~[[European Free Trade Association]]~[[European Free Trade Area]]~
title>Echidna (disambiguation)~[[Echidna]]~[[Echidna (mythology)]]~[[(42355) Typhon I Echidna]]~[[ECHIDNA]]~[[The Bouncer]]~[[Echidna (genus)]]~[[echidna]]~[[Bitis]]~[[Knuckles the Echidna]]~[[List of Black Cat characters#Echidna Parass]]~[[Category:Taxonomy disambiguation pages]]~
title>Enemy (disambiguation)~[[enemy]]~[[The Enemy (film company)]]~[[Morgoth]]~[[The Enemy (1927 film)]]~[[Enemies (film)]]~[[Kirk Browning]]~[[The Enemy (1979 film)]]~[[Enemies, a Love Story (film)]]~[[Enemy (1990 film)]]~[[The Enemy (2001 film)]]~[[Roger Moore]]~[[Enemy (2013 film)]]~[[CIMA: The Enemy]]~[[Maxim Gorky]]~[[Enemies, a Love Story]]~[[Enemies: How America's Foes Steal Our Vital Secrets – And How We Let It Happen]]~[[The Enemy (Bagley novel)]]~[[The Enemy (Child novel)]]~[[The Enemy (Higson novel)]]~[[The Enemy (short story)]]~[[Enemy (band)]]~[[The Enemy (New Zealand band)]]~[[The Enemy (UK band)]]~[[The Enemy (UK punk band)]]~[[Deen Castronovo]]~[[Charlie Farren]]~[[Enemy (Blood for Blood album)]]~[[Enemy (Kristeen Young album)]]~[[The Enemies EP]]~[[Enemies (Ryan Cabrera song)]]~[[Enemies (In Case of Fire song)]]~[[Enemies (Shinedown song)]]~[[Enemy (Days of the New song)]]~[[Enemy (Drowning Pool song)]]~[[Enemy (Fozzy song)]]~[[Enemy (Sevendust song)]]~[[Enemy (The Brilliant Green song)]]~[[Original Me]]~[[Scars on Broadway (album)]]~[[The Enemy (Godsmack song)]]~[[The Enemy (Paradise Lost song)]]~[[Spreading the Disease]]~[[Damage Done]]~[[Dirty Pretty Things (band)]]~[[Enemies (Buffy the Vampire Slayer)]]~[[Enemies (Stargate SG-1)]]~[[Enemies (The West Wing)]]~[[The Enemy (Space: Above and Beyond episode)]]~[[The Enemy (Star Trek: The Next Generation)]]~[[Enemy combatant]]~[[Enemy Mine (disambiguation)]]~[[public enemy (disambiguation)]]~[[The Enemy Within (disambiguation)]]~[[the enemy of my enemy (disambiguation)]]~
title>Elbing (disambiguation)~[[Elbing]]~[[Elbląg (river)]]~[[Elbing, Kansas]]~[[SMS Elbing]]~[[Elbing class torpedo boat]]~[[Treaty of Elbing]]~[[Switzman v. Elbling]]~
title>Electric bus (disambiguation)~[[Electric bus]]~[[Bus (computing)]]~[[Busbar]]~[[electrical substation]]~[[power engineering]]~[[One-line diagram]]~[[ground (electricity)]]~[[pro audio]]~[[Audio mixing (recorded music)]]~[[mixing console]]~
title>Eve (disambiguation)~[[Eve]]~[[Eve (name)]]~[[Eve (entertainer)]]~[[Eve (wrestler)]]~[[Mitochondrial Eve]]~[[Eve, Kentucky]]~[[Ève, Oise]]~[[Eve Cone]]~[[All Hallows Eve]]~[[Christmas Eve]]~[[New Year's Eve]]~[[St John's Eve]]~[[St Mark's Eve]]~[[The Eve of St. Agnes]]~[[vigil]]~[[Eve (Davidson)]]~[[Eve (cigarette)]]~[[Eve (cryptography)]]~[[Rudolf Koch]]~[[EVE/ZeBu]]~[[Eve (robot)]]~[[EVE (text editor)]]~[[Peter Gabriel]]~[[VMS Eve]]~[[Venus Entry Probe]]~[[Eve (magazine)]]~[[Eve (novel)]]~[[Eve (1968 film)]]~[[Eve (2008 film)]]~[[All About Eve]]~[[The Three Faces of Eve]]~[[Eve (Mauritian TV series)]]~[[Eve (TV series)]]~[[Eve (The X-Files)]]~[[Journey to the Unknown]]~[[Eve (Angel)]]~[[Eve (Applegeeks)]]~[[Eve (Black Cat)]]~[[Eve (DC Comics)]]~[[EVE (WALL-E)]]~[[Eve (Xena)]]~[[Evey Hammond]]~[[The Kransky Sisters]]~[[All About Eve]]~[[Eve Tokimatsuri]]~[[List of Parasite Eve characters#Eve]]~[[Underworld (film series)]]~[[Selene (Underworld)]]~[[Michael Corvin]]~[[Underworld: Awakening]]~[[BioShock]]~[[Eve: The Second Genesis Collectible Card Game]]~[[Eve Online]]~[[The Binding of Isaac (video game)]]~[[Venus (planet)]]~[[Kerbal Space Program]]~[[List of Freedom Force characters]]~[[Eve (American band)]]~[[Honey Ltd.]]~[[Eve (Korean band)]]~[[Eve 6]]~[[Ève]]~[[Eve (The Alan Parsons Project album)]]~[[Eve (Over the Rhine album)]]~[[Ufomammut]]~[[Oh How We Danced]]~[[Spacek (band)]]~[[The Carpenters]]~[[Rockin' Berries]]~[[Eve (song)]]~[[Julie Pietri]]~[[Harstad/Narvik Airport, Evenes]]~[[Endogenous viral element]]~[[Extreme Ultraviolet Variability Experiment]]~[[Methylenedioxyethylamphetamine]]~[[EVE (organization)]]~[[List of Sonic the Hedgehog comic book characters#E.V.E.]]~[[Eaves]]~[[Evening]]~[[Ewe language]]~[[Eevee]]~[[Eevee (band)]]~[[Evie (disambiguation)]]~[[Evi (disambiguation)]]~[[Evy (disambiguation)]]~[[Ive (disambiguation)]]~[[Yve]]~[[ko:이브]]~
title>Eusebius (disambiguation)~[[Eusebius]]~[[Greek language]]~[[Eusebius (praepositus sacri cubiculi)]]~[[Eusebius (consul 347)]]~[[Eusebius (consul 359)]]~[[Eusebius of Alexandria]]~[[Eusebius of Angers]]~[[Eusebius of Cremona]]~[[Eusebius of Dorylaeum]]~[[Eusebius of Emesa]]~[[Eusebius of Laodicea]]~[[Eusebius of Myndus]]~[[Eusebius of Nicomedia]]~[[Eusebius of Rome]]~[[Eusebius of Samosata]]~[[Eusebius of Vercelli]]~[[Eusebius (bishop of Milan)]]~[[Pope Eusebius]]~[[Hwaetberht]]~[[Robert Schumann]]~[[Jerome]]~[[Karl Eusebius of Liechtenstein]]~[[ru:Евсевий (значения)]]~
title>Flageolet (disambiguation)~[[flageolet]]~[[Flageolet (organ stop)]]~[[Common bean]]~[[Harmonic#Harmonics_on_stringed_instruments]]~[[Whistle register]]~
title>Freud (disambiguation)~[[Sigmund Freud]]~[[Freud (crater)]]~[[Freud (mini-series)]]~[[Freud: The Secret Passion]]~[[Kasakela chimpanzee community#Freud]]~[[Freud family]]~[[Amalia Nathansohn Freud]]~[[Anna Freud]]~[[Ernst Ludwig Freud]]~[[Lucian Freud]]~[[Esther Freud]]~[[Bella Freud]]~[[Clement Freud]]~[[Matthew Freud]]~[[Emma Freud]]~[[Walter Freud]]~[[Royal Pioneer Corps]]~[[Special Operations Executive]]~[[David Freud, Baron Freud]]~[[Freudian slip]]~[[Category:Jewish surnames]]~[[Category:Yiddish-language surnames]]~
title>FBI (disambiguation)~[[FBI]]~[[The FBI Story]]~[[The F.B.I. (TV series)]]~[[FBi Radio]]~[[Fully Booked#FBi, 2000]]~[[Rick Astley]]~[[F.B.I. (instrumental)]]~[[F.B.I. (album)]]~[[Full Blooded Italians]]~[[Flying Buffalo]]~[[Federation of British Industries]]~[[Furniture Brands International]]~[[FBI mnemonics]]~[[FBI transform]]~
title>FAO (disambiguation)~[[Food and Agriculture Organization]]~[[F.A.O. Schwarz]]~[[Faro Airport]]~[[Western Armed Forces]]~[[Broad Opposition Front]]~[[Al-Faw, Iraq]]~[[flight controller]]~[[Foreign Area Officer]]~
title>FDR (disambiguation)~[[Franklin D. Roosevelt]]~[[Franklin D. Roosevelt Lake]]~[[Franklin Delano Roosevelt, Jr.]]~[[Franklin Delano Roosevelt III]]~[[Franklin D. Roosevelt East River Drive]]~[[Charlton Heston]]~[[Dore Schary]]~[[Alternative dispute resolution]]~[[False discovery rate]]~[[Depositary receipt]]~[[Gunshot residue]]~[[First Data]]~[[Flight data recorder]]~[[Franklin Delano Romanowski]]~[[Frequency Disturbance Recorder]]~[[FDR2]]~[[Failures-Divergences Refinement]]~[[People's Democratic Front (Indonesia)]]~[[Revolutionary Democratic Front]]~[[Fuerza de Despliegue Rápido (Argentina)]]~[[Full Depth Recycling]]~[[Freedomain Radio]]~[[voluntaryism]]~[[FDR Music Charts]]~[[Ukraine]]~
title>Firewire (disambiguation)~[[FireWire]]~[[Kidde]]~[[Firewire (Lateef the Truthspeaker album)]]~[[Larry Carlton]]~[[Fire Wire (song)]]~
title>Fenrir (disambiguation)~[[Fenrir]]~[[Norse mythology]]~[[Fenrir (moon)]]~[[BattleTech]]~[[Yu-Gi-Oh! Trading Card Game]]~[[Warhammer 40,000]]~[[Fenrir Inc]]~[[Maugrim]]~[[Death_Eater#Fenrir_Greyback]]~[[Lord of Terror (Oh My Goddess!)]]~[[Lucifer (DC Comics)]]~[[Fenris Wolf (Marvel Comics)]]~[[Hooded Swan (series)]]~[[The Sight (novel)]]~[[Get of Fenris]]~[[Quest for Glory]]~[[FreeSpace]]~[[Xenogears]]~[[EVE Online]]~[[Dragon Age II]]~[[Ace Combat]]~[[Final Fantasy VII: Dirge of Cerberus]]~[[Fenriz]]~
title>Fermentation (disambiguation)~[[Fermentation]]~[[Ethanol fermentation]]~[[Fermentation in food processing]]~[[Fermentation in winemaking]]~[[Lactic acid fermentation]]~[[Industrial fermentation]]~[[Fermentative hydrogen production]]~[[tea processing]]~
title>Fugazi (disambiguation)~[[Fugazi (band)]]~[[Fugazi (album)]]~[[Club Fugazi]]~
title>Font (disambiguation)~[[Wikipedia:Font]]~[[Help:Wiki markup#Character formatting]]~[[Font]]~[[Computer font]]~[[Holy water font]]~[[Baptismal font]]~[[Fountain]]~[[Kerosene lamp]]~[[Beer Font]]~[[Font, Switzerland]]~[[River Font]]~[[Héctor Font]]~
title>Farsi (disambiguation)~[[Farsi]]~[[Persian language]]~[[Persian people]]~[[Farsi, Afghanistan]]~[[Farsi District]]~[[Farsi Island]]~[[Farsi, Iran]]~[[Jalaleddin Farsi]]~[[Kamal al-Din al-Farisi]]~[[Salman al-Farisi]]~[[Sepideh Farsi]]~[[Category:Iranian-language surnames]]~
title>Fauna (disambiguation)~[[Fauna]]~[[Fauna (goddess)]]~[[Fauna, Bloemfontein]]~[[Fauna (album)]]~[[List of Disney's Sleeping Beauty characters#Flora, Fauna and Merryweather]]~[[Spiel Des Jahres]]~[[Sweet Thursday]]~[[John Steinbeck]]~[[Avifauna (disambiguation)]]~
title>Futurism (disambiguation)~[[Futurism]]~[[Italy]]~[[futurism]]~[[futures studies]]~[[Afrofuturism]]~[[Cubo-Futurism]]~[[Ego-Futurism]]~[[Futurism (Christianity)]]~[[Futurism (Judaism)]]~[[Futurism (literature)]]~[[Futurist (comics)]]~[[The Futurist (magazine)]]~[[Futurist Architecture]]~[[Futurist meals]]~[[Futurist Theatre]]~[[Futurist]]~[[Futurists (play)]]~[[Italian Futurism (cinema)]]~[[Neo-Futurism]]~[[Post-Futurism]]~[[Retro-futurism]]~[[Russian Futurism]]~[[The Futurist (Robert Downey Jr. album)]]~[[Robert Downey, Jr.]]~[[Futurist (album)]]~[[Alec Empire]]~[[The Futurist (Shellac album)]]~[[Shellac]]~[[Futurism (music)]]~[[Musica Futurista]]~[[Muse (band)]]~[[synthpop]]~[[Miss Kittin from]]~[[On the Road (Miss Kittin album)]]~[[Danny Tenaglia]]~
title>Military of Germany (disambiguation)~[[German Army (German Empire)]]~[[German Empire]]~[[Reichswehr]]~[[Weimar Republic]]~[[Wehrmacht]]~[[Nazi Germany]]~[[National People's Army]]~[[German Democratic Republic]]~[[Bundeswehr]]~[[Germany]]~[[West Germany]]~
title>GPS (disambiguation)~[[Global Positioning System]]~[[Global Positioning System]]~[[GPS navigation device]]~[[Generalized processor sharing]]~[[General Problem Solver]]~[[GNAT Programming Studio]]~[[Seymour Airport]]~[[American_Crossroads#Crossroads_GPS]]~[[GPS (band)]]~[[GPS Rugby]]~[[Geirus Policies and Standards committee]]~[[Gilbert Public Schools]]~[[Girls Preparatory School]]~[[Athletic Association of the Great Public Schools of New South Wales]]~[[Great Public Schools Association of Queensland Inc.]]~[[Grosse Pointe South High School]]~[[Fareed Zakaria GPS]]~[[Geometrical Products Specification]]~[[geometric dimensioning and tolerancing]]~[[gram]]~[[protein]]~[[amino acid]]~
title>GDP (disambiguation)~[[GDP]]~[[Giant depolarizing potentials]]~[[Gibraltar Defence Police]]~[[Good distribution practice]]~[[Good Documentation Practice]]~[[Ground delay program]]~[[Guanosine diphosphate]]~[[Gewerkschaft der Polizei]]~
title>GMO (disambiguation)~[[GMO]]~[[Genetically modified food]]~[[Gell-Mann–Okubo mass formula]]~[[molecular orbital]]~[[Gulf, Mobile and Ohio Railroad]]~[[U.S. Bank Championship in Milwaukee]]~[[Jeremy Grantham]]~[[Glenn Miller Orchestra]]~[[Green Mountain Orchestra]]~
title>Gopher (disambiguation)~[[gopher]]~[[ground squirrel]]~[[Spermophilus]]~[[Gopher tortoise]]~[[Gopher wood]]~[[Gopher Plant]]~[[Gophers!]]~[[The Love Boat]]~[[Gopher (Winnie-the-Pooh)]]~[[9K35 Strela-10]]~[[Gopher (protocol)]]~[[Minnesota]]~[[Minnesota Golden Gophers]]~[[Gopher (train)]]~[[Gofer]]~[[Gopher Gang]]~[[Gofer (disambiguation)]]~[[Gaufre]]~
title>Grain (disambiguation)~[[sand]]~[[salt]]~[[seed]]~[[Food grain]]~[[cereal]]~[[pseudocereal]]~[[Pulse (legume)]]~[[Whole grain]]~[[oilseeds]]~[[Film grain]]~[[Fine-grained]]~[[Grain (unit)]]~[[Grain size]]~[[Crystallite]]~[[Solid-fuel rocket#Grain_geometry]]~[[Granular synthesis]]~[[Grain (surfboard company)]]~[[Wood grain]]~[[Grain (cipher)]]~[[Isle of Grain]]~[[GRAIN]]~[[Grain (magazine)]]~[[Border_Reivers#Border_.27Names.27_and_Clan_status]]~
title>Grass (disambiguation)~[[Cannabis (drug)]]~[[Grass]]~[[Poaceae]]~[[Poaceae]]~[[Sisyrinchium]]~[[China grass]]~[[Boehmeria]]~[[Cotton grass]]~[[Deergrass (disambiguation)]]~[[Rhexia]]~[[Trichophorum]]~[[Ruppia maritima]]~[[Zostera]]~[[Vallisneria]]~[[Curculigo orchioides]]~[[Luzula campestris]]~[[Goosegrass]]~[[Parnassia]]~[[Polygonum]]~[[Ophiopogon japonicus]]~[[Cyperus rotundus]]~[[Lepidium]]~[[Cladium]]~[[Cyperaceae]]~[[Cochlearia]]~[[Oxalis enneaphylla]]~[[Seagrass]]~[[Mimosa pudica]]~[[Draba]]~[[Xyridaceae]]~[[Alex Grass]]~[[Arthur Grass]]~[[Frank J. Grass]]~[[Günter Grass]]~[[John Grass]]~[[Philippe Grass]]~[[Vincent Grass]]~[[Grass Valley, California]]~[[Grass Mountain (Vermont)]]~[[Grass Range, Montana]]~[[Grass (1925 film)]]~[[Grass (1999 film)]]~[[Grass (album)]]~[[Grass (song)]]~[[Grass (TV series)]]~[[Babel (book)]]~[[Grass (novel)]]~[[Clarke Mackey]]~[[Grass (card game)]]~[[GRASS (programming language)]]~[[GRASS GIS]]~[[Supergrass (informer)]]~[[Gras]]~[[Grasse]]~[[Grass dance]]~[[Native Americans in the United States]]~[[pow wow]]~
